foF2,foF1,M3000F2,MUF3000F2,fmin,foEs,fminF,fminE,foE,fxI,hF,hF2,hE,hEs,zmE,yE,QF,QE,DownF,DownE,DownEs,FF,FE,D,fMUF,h_fMUF,delta_foF2,foEp,f_hF,f_hF2,foF1p,hmF2,hmF1,zhalfNm,foF2p,fminEs,yF2,yF1,TEC,scaleF2,B0,B1,D1,foEa,hEa,foP,hP,fbEs,typeEs,datetime,file,n_profile
3.75,,2.994,11.227,2.2,,2.2,,,4.3,265.0,265.0,,,,,,,,,,0.5,,,3.35,348.191,,0.357,2.2,2.2,,329.455,,264.948,2.714,,90.685,,3.534,49.951,71.11,5.56,,,,,,,,2022-01-01 00:00:00,RO041_2022001000000.SAO,162
,,,,2.0,,,,,,,,,,,,,,,,,,,,,,,0.357,,,,,,,2.783,2.0,,,2.274,,,,,,,,,,,2022-01-01 00:15:00,RO041_2022001001500.SAO,0
,,,,1.7,,,,,,,,,,,,,,,,,,,,,,,0.357,,,,,,,2.843,1.7,,,1.614,,,,,,,,,,,2022-01-01 00:30:00,RO041_2022001003000.SAO,0
3.7,,3.112,11.514,1.8,,1.8,,,4.4,260.0,260.0,,,,,,,,,,0.1,,,3.45,350.0,,0.357,1.8,1.8,,303.248,,257.379,2.891,,64.925,,2.449,35.009,54.09,4.01,,,,,,,,2022-01-01 00:45:00,RO041_2022001004500.SAO,121
3.7,,3.132,11.59,1.6,,1.6,,,4.45,255.0,255.0,,,,,,,,,,0.15,,,3.4,337.423,,0.357,1.6,1.6,,302.536,,254.691,2.921,,67.745,,2.557,36.636,56.03,4.18,,,,,,,,2022-01-01 01:00:00,RO041_2022001010000.SAO,127
3.75,,3.177,11.915,1.9,,1.9,,,4.35,260.0,260.0,,,,,,,,,,0.1,,,3.45,330.651,,0.357,1.9,1.9,,297.288,,256.215,2.931,,58.147,,2.264,31.469,48.31,3.9,,,,,,,,2022-01-01 01:15:00,RO041_2022001011500.SAO,112
3.7,,3.179,11.761,2.1,,2.1,,,4.35,262.5,262.5,,,,,,,,,,0.1,,,3.45,337.974,,0.357,2.1,2.1,,296.221,,257.561,2.919,,54.766,,2.089,29.746,45.49,3.96,,,,,,,,2022-01-01 01:30:00,RO041_2022001013000.SAO,111
3.65,,3.156,11.519,2.1,,2.1,,,4.3,267.5,267.5,,,,,,,,,,0.15,,,3.35,333.532,0.0,0.357,2.15,2.15,,298.46,,261.344,2.884,,52.68,,1.946,28.277,45.2,3.56,,,,,,,,2022-01-01 01:45:00,RO041_2022001014500.SAO,108
3.5,,3.086,10.802,1.75,,1.75,,,4.2,270.0,270.0,,,,,,,,,,0.05,,,3.25,352.769,,0.357,1.75,1.75,,307.686,,265.499,2.827,,59.949,,2.018,31.775,53.78,3.0,,,,,,,,2022-01-01 02:00:00,RO041_2022001020000.SAO,116
3.45,,2.95,10.176,1.85,,1.85,,,4.15,285.0,285.0,,,,,,,,,,0.2,,,3.15,371.244,,0.357,1.85,1.85,,328.898,,275.658,2.753,,75.537,,2.488,40.684,64.3,3.59,,,,,,,,2022-01-01 02:15:00,RO041_2022001021500.SAO,139
3.4,,2.981,10.137,2.05,,2.05,,,4.05,300.0,300.0,,,,,,,,,,0.1,,,3.2,381.688,0.0,0.357,2.05,2.05,,323.863,,278.807,2.666,,64.369,,2.069,34.185,61.55,2.46,,,,,,,,2022-01-01 02:30:00,RO041_2022001023000.SAO,124
3.3,,2.999,9.897,1.9,,1.9,,,4.0,302.5,302.5,,,,,,,,,,0.15,,,3.1,377.69,,0.357,1.9,1.9,,323.203,,278.159,2.571,,64.435,,1.962,34.417,61.73,2.49,,,,,,,,2022-01-01 02:45:00,RO041_2022001024500.SAO,124
3.4,,2.969,10.096,2.35,,2.35,,,4.0,305.0,305.0,,,,,,,,,,0.15,,,3.15,375.0,0.0,0.357,2.35,2.35,,323.878,,278.78,2.476,,64.402,,2.071,34.225,61.17,2.51,,,,,,,,2022-01-01 03:00:00,RO041_2022001030000.SAO,124
3.4,,3.102,10.548,2.2,,2.2,,,4.1,287.5,287.5,,,,,,,,,,0.1,,,3.2,358.254,0.0,0.357,2.2,2.2,,305.91,,267.746,2.386,,54.48,,1.753,28.932,51.55,2.53,,,,,,,,2022-01-01 03:15:00,RO041_2022001031500.SAO,109
3.45,,3.189,11.003,1.95,,1.95,,,4.15,257.5,257.5,,,,,,,,,,0.15,,,3.2,333.157,,0.357,1.95,1.95,,292.623,,252.93,2.31,,56.193,,1.858,30.44,46.77,3.87,,,,,,,,2022-01-01 03:30:00,RO041_2022001033000.SAO,110
3.4,,3.265,11.1,1.85,,1.85,,,4.05,247.5,247.5,,,,,,,,,,0.15,,,3.2,328.477,0.0,0.357,1.85,1.85,,279.826,,244.636,2.253,,49.893,,1.586,26.487,43.42,3.24,,,,,,,,2022-01-01 03:45:00,RO041_2022001034500.SAO,99
3.4,,3.422,11.635,2.15,,2.15,,,4.1,252.5,252.5,,,,,,,,,,0.15,,,3.25,309.817,0.0,0.357,2.15,2.15,,267.072,,242.711,2.22,,34.747,,1.123,18.432,32.62,2.58,,,,,,,,2022-01-01 04:00:00,RO041_2022001040000.SAO,79
3.5,,3.453,12.087,1.7,,1.7,,,4.25,232.5,232.5,,,,,,,,,,0.1,,,3.25,290.583,,0.357,1.7,1.7,,259.56,,228.562,2.215,,44.015,,1.494,23.594,38.69,3.32,,,,,,,,2022-01-01 04:15:00,RO041_2022001041500.SAO,89
3.45,,3.538,12.207,1.8,,1.8,,,4.25,222.5,222.5,,,,,,,,,,0.1,,,3.25,285.339,,0.357,1.8,1.8,,248.45,,217.452,2.241,,43.933,,1.456,23.905,36.55,4.09,,,,,,,,2022-01-01 04:30:00,RO041_2022001043000.SAO,87
3.45,,3.501,12.079,1.85,,1.85,,,4.15,220.0,220.0,,,,,,,,,,0.15,,,3.2,282.495,,0.357,1.85,1.85,,259.556,,214.801,2.298,,62.931,,2.075,34.719,49.67,5.87,,,,,,,,2022-01-01 04:45:00,RO041_2022001044500.SAO,113
3.2,,3.612,11.557,2.0,,2.0,,,3.85,217.5,217.5,,,,,,,,,,0.1,,,3.0,272.421,,0.357,2.0,2.0,,247.367,,211.515,2.385,,50.614,,1.446,27.882,39.02,5.88,,,,,,,,2022-01-01 05:00:00,RO041_2022001050000.SAO,94
3.05,,3.305,10.08,2.1,,2.1,,,3.7,237.5,237.5,,,,,,,,,,0.1,,,2.75,297.836,,0.394,2.1,2.1,,284.165,,233.842,2.501,,71.318,,1.852,39.312,56.41,5.49,,,,,,,,2022-01-01 05:15:00,RO041_2022001051500.SAO,124
3.05,,3.325,10.141,1.75,,1.75,,,3.75,227.5,227.5,,,,,,,,,,0.2,,,2.7,284.853,,0.463,1.75,1.75,,286.225,,219.119,2.643,,95.077,,2.459,52.986,78.61,6.31,,,,,,,,2022-01-01 05:30:00,RO041_2022001053000.SAO,153
2.9,,3.432,9.953,2.0,,2.0,,,3.65,230.0,230.0,,,,,,,,,,0.1,,,2.65,284.657,0.0,0.567,2.0,2.0,,260.953,,219.1,2.807,,60.46,,1.444,33.408,49.11,5.23,,,,,,,,2022-01-01 05:45:00,RO041_2022001054500.SAO,107
3.05,,3.28,10.003,1.6,,1.6,,,3.65,220.0,220.0,,,,,,,,,,0.1,,,2.65,283.154,,0.708,1.6,1.6,,275.747,,214.602,2.989,,88.723,,2.297,48.274,71.22,5.71,,,,,,,,2022-01-01 06:00:00,RO041_2022001060000.SAO,141
3.5,,3.207,11.226,1.65,,1.65,,,4.1,217.5,217.5,,,,,,,,,,0.1,,,3.15,313.273,,0.886,1.65,1.65,,275.374,,212.922,3.183,,88.935,,3.049,47.797,80.61,3.26,,,,,,,,2022-01-01 06:15:00,RO041_2022001061500.SAO,144
4.05,,3.427,13.879,1.95,,1.95,,,4.85,217.5,217.5,,,,,,,,,,0.1,,,3.75,292.889,0.0,1.092,2.0,2.0,,247.822,,202.314,3.387,,64.01,,3.096,34.998,62.6,2.5,,,,,,,,2022-01-01 06:30:00,RO041_2022001063000.SAO,115
5.0,,3.548,17.741,1.95,,1.95,,,5.75,215.0,215.0,,,,,,,,,,0.1,,,4.7,283.637,,1.31,2.35,2.35,,234.461,,197.988,3.595,,50.222,,3.788,27.4,51.64,2.05,,,,,,,,2022-01-01 06:45:00,RO041_2022001064500.SAO,99
5.9,,3.775,22.271,2.35,,2.35,,,6.6,210.0,210.0,,,,,,,,,,0.1,,,5.6,257.91,0.0,1.52,2.6,2.6,,218.123,,189.89,3.804,,39.262,,4.283,21.952,41.3,2.09,,,,,,,,2022-01-01 07:00:00,RO041_2022001070000.SAO,86
6.25,,3.893,24.33,2.4,,2.4,,,7.05,202.5,202.5,,,,,,,,,,0.15,,,5.95,246.17,,1.709,2.95,2.95,,208.11,,183.757,4.01,,32.998,,4.11,18.306,35.92,1.75,,,,,,,,2022-01-01 07:15:00,RO041_2022001071500.SAO,75
6.3,,3.949,24.88,2.65,,2.65,,,6.8,202.5,202.5,,,,,,,,,,0.2,,,6.05,242.5,0.0,1.871,3.4,3.4,,202.436,,180.349,4.21,,29.798,,3.936,16.922,32.36,1.78,,,,,,,,2022-01-01 07:30:00,RO041_2022001073000.SAO,71
6.1,,3.945,24.063,2.6,,2.6,,,6.8,200.0,200.0,,,,,,,,,,0.1,,,5.75,235.964,,2.008,3.4,3.4,,202.509,,178.176,4.402,,34.734,,4.171,19.498,23.56,2.93,,,,,,,,2022-01-01 07:45:00,RO041_2022001074500.SAO,77
5.95,,3.793,22.566,2.9,,2.9,,,6.7,205.0,205.0,,,,,,,,,,0.1,,,5.55,247.5,0.0,2.125,3.45,3.45,,206.269,,173.522,4.582,,44.248,,5.083,25.372,46.97,2.01,,,,,,,,2022-01-01 08:00:00,RO041_2022001080000.SAO,92
6.15,,3.815,23.464,2.15,,2.95,2.15,2.21,6.85,205.0,205.0,117.996,,110.0,20.0,,,,,,0.2,,,5.9,257.5,0.0,2.224,3.55,3.55,,203.101,,172.776,4.749,,39.337,,4.963,22.765,47.66,1.53,,,,,,,,2022-01-01 08:15:00,RO041_2022001081500.SAO,85
6.05,,3.709,22.44,2.15,2.7,3.1,2.15,2.26,6.55,207.5,207.5,116.684,,110.0,20.0,,,,,,0.2,,,5.55,250.0,0.0,2.308,3.55,3.55,,209.018,,170.062,4.902,2.3,52.1,,6.051,29.689,57.22,1.9,,,,,,,,2022-01-01 08:30:00,RO041_2022001083000.SAO,104
6.25,,3.78,23.622,2.45,3.2,2.95,2.45,2.51,6.9,210.0,210.0,106.568,,110.0,20.0,,,,,,0.2,,,6.1,270.0,,2.381,3.15,3.15,,205.161,,173.753,5.04,2.55,38.021,,5.301,23.003,51.25,1.29,,,,,,,,2022-01-01 08:45:00,RO041_2022001084500.SAO,87
6.95,,3.585,24.913,2.4,2.95,2.9,2.4,2.56,7.55,210.0,210.0,108.611,,97.098,6.969,,,,,,0.2,,,6.6,283.395,0.0,2.444,3.1,3.1,,218.18,,176.861,5.161,2.6,53.26,,8.425,30.978,60.31,1.62,,,,,,,,2022-01-01 09:00:00,RO041_2022001090000.SAO,111
6.95,,3.716,25.828,2.5,2.7,3.15,2.5,2.61,8.0,210.0,210.0,110.084,,110.0,20.0,,,,,,0.5,,,6.6,265.087,0.0,2.498,3.15,3.15,,214.453,,180.153,5.266,2.65,44.754,,7.447,27.016,51.68,1.77,,,,,,,,2022-01-01 09:15:00,RO041_2022001091500.SAO,100
6.875,4.023,3.685,25.241,2.5,2.9,3.15,2.5,2.61,7.6,207.5,227.5,108.839,,110.0,20.0,,,,,,0.2,,,6.45,265.522,0.025,2.544,3.15,4.5,,218.368,169.377,182.298,5.353,2.65,45.129,24.09,7.515,28.563,55.91,1.74,0.29,,,,,,,2022-01-01 09:30:00,RO041_2022001093000.SAO,106
7.663,3.923,3.811,29.155,2.55,2.9,3.0,2.55,2.71,8.45,215.0,230.0,103.949,,95.519,5.41,,,,,,0.15,,,7.45,266.013,0.013,2.583,3.05,5.1,,212.575,161.207,185.548,5.425,2.75,32.834,30.242,7.58,22.353,49.74,1.21,0.51,,,,,,,2022-01-01 09:45:00,RO041_2022001094500.SAO,90
7.563,3.873,3.793,28.634,2.5,,3.25,2.5,2.71,8.15,210.0,220.0,102.82,,95.665,5.553,,,,,,0.05,,,7.2,258.422,0.013,2.615,3.25,4.75,,209.035,156.21,178.482,5.482,,39.578,27.93,8.047,25.013,51.09,1.54,0.55,,,,,,,2022-01-01 10:00:00,RO041_2022001100000.SAO,96
7.425,3.923,3.84,28.419,2.5,,3.15,2.5,2.66,8.1,212.5,217.5,106.96,,96.176,6.057,,,,,,0.1,,,6.95,245.833,0.025,2.64,3.2,4.8,,206.197,159.159,177.798,5.525,,37.548,26.503,7.354,23.63,46.79,1.67,0.53,,,,,,,2022-01-01 10:15:00,RO041_2022001101500.SAO,92
6.875,3.873,3.678,25.192,2.5,2.9,3.2,2.5,2.81,7.3,197.5,215.0,116.96,,102.305,12.051,,,,,,0.1,,,6.3,255.944,0.025,2.66,3.2,4.65,,210.095,152.554,169.59,5.556,2.85,53.278,23.566,8.313,32.174,62.94,1.8,0.31,,,,,,,2022-01-01 10:30:00,RO041_2022001103000.SAO,114
6.463,3.873,4.089,26.374,2.25,2.95,3.2,2.25,2.76,7.15,195.0,220.0,108.448,,100.421,10.21,,,,,,0.1,,,6.45,245.686,0.013,2.673,3.2,4.35,,191.309,154.095,167.376,5.576,2.8,21.275,24.38,4.558,18.274,46.43,1.0,0.24,,,,,,,2022-01-01 10:45:00,RO041_2022001104500.SAO,73
6.575,3.906,3.825,25.055,2.35,2.65,3.15,2.35,2.86,7.2,187.5,217.5,103.282,,101.58,11.336,,,,,,0.1,,,6.3,257.5,0.025,2.681,3.15,4.5,,195.623,146.977,163.137,5.588,2.35,36.185,25.673,6.177,25.281,58.59,1.19,0.31,,,,,,,2022-01-01 11:00:00,RO041_2022001110000.SAO,92
6.35,,3.723,23.641,2.45,,3.55,2.45,2.71,7.0,217.5,217.5,105.915,,97.858,7.703,,,,,,0.2,,,6.2,277.5,,2.684,3.55,3.55,,201.336,,161.562,5.592,,46.69,,6.737,29.406,71.32,1.13,,,,,,,,2022-01-01 11:15:00,RO041_2022001111500.SAO,102
6.375,3.572,3.748,23.802,2.5,,3.3,2.5,2.81,6.9,185.0,217.5,112.437,,101.809,11.566,,,,,,0.1,,,6.05,263.584,0.025,2.681,3.3,4.3,,201.094,143.135,165.33,5.591,,41.097,17.906,6.245,27.373,64.38,1.2,0.12,,,,,,,2022-01-01 11:30:00,RO041_2022001113000.SAO,98
6.175,4.286,3.634,22.348,3.25,,3.25,,,6.9,182.5,230.0,,,,,,,,,,0.1,,,5.65,261.081,0.025,2.672,3.25,4.45,,223.532,165.684,167.117,5.585,,80.357,30.867,9.323,46.297,71.72,3.42,0.45,,,,,,,2022-01-01 11:45:00,RO041_2022001114500.SAO,150
5.8,,3.723,21.593,2.45,4.75,4.5,2.45,2.71,6.25,227.5,227.5,96.107,,93.434,3.366,,,,,,0.1,,,5.4,255.354,0.0,2.658,4.65,4.65,,188.411,,137.541,5.575,2.75,59.819,,6.465,35.095,83.88,1.32,,,,,,,,2022-01-01 12:00:00,RO041_2022001120000.SAO,112
6.15,,3.945,24.263,2.4,4.5,4.3,2.4,2.76,6.7,225.0,225.0,95.344,,93.994,3.914,,,,,,0.1,,,5.9,243.701,0.0,2.637,4.65,4.65,,183.682,,144.643,5.56,2.8,41.393,,5.763,26.729,72.84,1.0,,,,,,,,2022-01-01 12:15:00,RO041_2022001121500.SAO,91
5.1,,4.103,20.924,2.45,4.7,3.95,2.45,2.61,5.85,217.5,217.5,96.848,,92.894,2.84,,,,,,0.15,,,5.0,236.246,,2.611,3.95,3.95,,169.164,,129.555,5.539,2.65,39.419,,3.782,25.466,72.08,1.0,,,,,,,,2022-01-01 12:30:00,RO041_2022001123000.SAO,82
6.15,,3.373,20.741,2.4,4.7,3.55,2.4,2.71,6.8,220.0,220.0,95.993,,93.971,3.892,,,,,,0.3,,,5.9,320.0,0.0,2.578,3.55,3.55,,219.522,,160.375,5.512,2.75,70.509,,8.742,41.935,98.03,1.29,,,,,,,,2022-01-01 12:45:00,RO041_2022001124500.SAO,137
6.05,,3.707,22.425,2.5,3.3,3.1,2.5,2.61,6.8,212.5,212.5,98.839,,110.0,20.0,,,,,,0.1,,,5.7,263.698,0.0,2.539,3.35,3.35,,207.409,,171.8,5.476,2.65,43.398,,5.708,26.911,57.29,1.41,,,,,,,,2022-01-01 13:00:00,RO041_2022001130000.SAO,96
6.175,3.273,3.509,21.581,2.95,,2.95,,,6.55,200.0,217.5,,,,,,,,,,0.1,,,6.0,307.5,0.025,2.492,2.95,3.4,,223.683,159.75,179.271,5.429,,48.933,15.119,6.599,30.972,68.33,1.43,,,,,,,,2022-01-01 13:15:00,RO041_2022001131500.SAO,111
6.2,,3.787,23.48,3.2,,3.2,,,6.65,232.5,232.5,,,,,,,,,,0.15,,,6.0,266.086,0.0,2.437,3.35,3.35,,208.937,,180.02,5.37,,34.704,,5.138,22.436,56.59,1.0,,,,,,,,2022-01-01 13:30:00,RO041_2022001133000.SAO,86
6.157,5.622,3.332,20.491,2.0,3.5,3.0,2.0,2.36,6.7,220.0,310.0,93.286,,92.799,2.753,,,,,,0.1,,,5.75,311.25,0.007,2.373,3.5,5.65,,228.544,207.509,176.984,5.296,2.0,40.807,45.391,7.799,37.65,73.66,1.69,0.01,,,,,,,2022-01-01 13:45:00,RO041_2022001134500.SAO,129
6.9,,3.457,23.85,1.9,3.15,3.15,1.9,2.21,7.55,225.0,225.0,92.571,,92.048,2.018,,,,,,0.1,,,6.6,306.224,,2.299,3.15,3.15,,232.793,,189.564,5.207,2.25,55.491,,8.794,32.662,78.99,1.11,,,,,,,,2022-01-01 14:00:00,RO041_2022001140000.SAO,119
6.35,,3.852,24.458,2.15,3.0,3.1,2.15,2.26,6.95,232.5,232.5,92.996,,110.0,20.0,,,,,,0.1,,,6.15,257.527,,2.213,4.1,4.1,,211.702,,187.487,5.1,2.3,29.973,,4.757,19.431,49.76,1.01,,,,,,,,2022-01-01 14:15:00,RO041_2022001141500.SAO,79
,,,,1.95,,,,,,,,,,,,,,,,,,,,,,,2.112,,,,,,,4.976,1.95,,,4.26,,,,,,,,,,,2022-01-01 14:30:00,RO041_2022001143000.SAO,0
6.85,,3.778,25.877,2.7,,2.7,,,7.25,210.0,210.0,,,,,,,,,,0.1,,,6.4,250.921,,1.993,4.1,4.1,,215.172,,185.079,4.835,,42.154,,6.266,23.896,39.58,2.34,,,,,,,,2022-01-01 14:45:00,RO041_2022001144500.SAO,92
6.25,,3.714,23.212,2.45,,2.45,,,6.95,210.0,210.0,,,,,,,,,,0.15,,,5.9,262.472,,1.854,3.05,3.05,,218.364,,186.101,4.678,,44.141,,5.409,24.665,45.04,2.02,,,,,,,,2022-01-01 15:00:00,RO041_2022001150000.SAO,93
5.95,,3.656,21.755,2.25,,2.25,,,6.65,205.0,205.0,,,,,,,,,,0.15,,,5.5,260.459,0.0,1.688,2.9,2.9,,221.305,,185.884,4.508,,49.183,,5.213,26.757,45.16,2.3,,,,,,,,2022-01-01 15:15:00,RO041_2022001151500.SAO,98
5.7,,3.852,21.956,2.2,,2.2,,,6.3,202.5,202.5,,,,,,,,,,0.1,,,5.4,248.325,0.0,1.497,2.6,2.6,,211.869,,185.04,4.326,,37.593,,3.8,20.931,36.69,2.34,,,,,,,,2022-01-01 15:30:00,RO041_2022001153000.SAO,81
5.15,,3.669,18.898,2.2,,2.2,,,5.95,197.5,197.5,,,,,,,,,,0.15,,,4.7,253.371,0.0,1.285,2.2,2.2,,222.69,,184.69,4.136,,53.945,,4.17,29.403,49.68,2.95,,,,,,,,2022-01-01 15:45:00,RO041_2022001154500.SAO,102
4.65,,3.558,16.544,1.95,,1.95,,,5.35,192.5,192.5,,,,,,,,,,0.25,,,4.25,268.72,0.0,1.067,1.95,1.95,,231.342,,190.199,3.941,,57.435,,3.484,30.372,55.3,2.49,,,,,,,,2022-01-01 16:00:00,RO041_2022001160000.SAO,104
4.45,,3.587,15.96,2.2,,2.2,,,5.2,205.0,205.0,,,,,,,,,,0.1,,,4.1,268.666,0.0,0.864,2.2,2.2,,238.357,,201.992,3.746,,51.559,,2.868,27.709,43.67,3.84,,,,,,,,2022-01-01 16:15:00,RO041_2022001161500.SAO,98
4.1,,3.542,14.522,2.15,,2.15,,,4.85,205.0,205.0,,,,,,,,,,0.1,,,3.75,270.629,,0.69,2.15,2.15,,242.576,,203.701,3.554,,55.178,,2.582,29.8,45.18,4.33,,,,,,,,2022-01-01 16:30:00,RO041_2022001163000.SAO,102
3.7,,3.607,13.346,1.85,,1.85,,,4.35,210.0,210.0,,,,,,,,,,0.15,,,3.5,277.589,,0.553,1.85,1.85,,234.822,,205.814,3.369,,40.896,,1.549,21.526,37.73,2.71,,,,,,,,2022-01-01 16:45:00,RO041_2022001164500.SAO,80
,,,,,,,,,,,,,,,,,,,,,,,,,,,0.453,,,,,,,3.195,,,,,,,,,,,,,,,2022-01-01 17:00:00,RO041_2022001170000.SAO,0
3.45,,3.416,11.786,1.6,,1.6,,,4.2,215.0,215.0,,,,,,,,,,0.05,,,3.2,296.225,,0.388,1.6,1.6,,257.38,,216.983,3.035,,57.151,,1.864,30.629,47.86,4.01,,,,,,,,2022-01-01 17:15:00,RO041_2022001171500.SAO,104
3.35,,3.442,11.529,2.55,,2.55,,,3.95,240.0,240.0,,,,,,,,,,0.1,,,3.1,289.517,0.0,0.357,2.55,2.55,,262.874,,232.608,2.891,,43.175,,1.382,24.013,34.4,4.84,,,,,,,,2022-01-01 17:30:00,RO041_2022001173000.SAO,90
3.15,,3.441,10.838,2.35,,2.35,,,3.9,237.5,237.5,,,,,,,,,,0.05,,,2.9,287.5,0.0,0.357,2.35,2.35,,265.962,,226.548,2.765,,55.645,,1.541,30.657,43.31,5.89,,,,,,,,2022-01-01 17:45:00,RO041_2022001174500.SAO,104
3.2,,3.338,10.681,1.85,,1.85,,,4.05,230.0,230.0,,,,,,,,,,0.15,,,2.9,295.0,,0.357,1.85,1.85,,287.245,,223.302,2.658,,89.82,,2.545,49.96,72.94,6.27,,,,,,,,2022-01-01 18:00:00,RO041_2022001180000.SAO,149
3.15,,3.212,10.118,2.0,,2.0,,,3.85,235.0,235.0,,,,,,,,,,0.05,,,2.8,305.0,0.0,0.357,2.0,2.0,,303.806,,233.793,2.57,,98.515,,2.709,54.732,79.84,5.84,,,,,,,,2022-01-01 18:15:00,RO041_2022001181500.SAO,161
3.1,,3.345,10.371,2.5,,2.5,,,3.85,275.0,275.0,,,,,,,,,,0.1,,,2.95,320.0,0.0,0.357,2.5,2.5,,278.202,,249.596,2.5,,40.934,,1.113,21.976,39.11,2.64,,,,,,,,2022-01-01 18:30:00,RO041_2022001183000.SAO,88
3.3,,3.363,11.098,1.9,,1.9,,,4.0,242.5,242.5,,,,,,,,,,0.1,,,3.1,311.052,,0.357,1.9,1.9,,269.978,,236.93,2.447,,46.915,,1.414,25.055,41.78,3.16,,,,,,,,2022-01-01 18:45:00,RO041_2022001184500.SAO,93
3.4,,3.348,11.383,2.0,,2.0,,,4.1,237.5,237.5,,,,,,,,,,0.1,,,3.15,305.161,0.0,0.357,2.0,2.0,,279.431,,233.505,2.41,,64.772,,2.081,35.574,50.27,5.69,,,,,,,,2022-01-01 19:00:00,RO041_2022001190000.SAO,118
3.4,,3.317,11.277,2.0,,2.0,,,4.05,235.0,235.0,,,,,,,,,,0.1,,,3.15,311.008,0.0,0.357,2.0,2.0,,272.952,,233.897,2.384,,55.19,,1.768,29.961,45.2,4.03,,,,,,,,2022-01-01 19:15:00,RO041_2022001191500.SAO,105
3.3,,3.371,11.124,1.65,,1.65,,,4.05,227.5,227.5,,,,,,,,,,0.1,,,3.15,317.5,,0.357,1.65,1.65,,261.267,,227.452,2.368,,47.929,,1.422,25.101,43.38,2.84,,,,,,,,2022-01-01 19:30:00,RO041_2022001193000.SAO,92
3.4,,3.348,11.383,1.95,,1.95,,,4.05,242.5,242.5,,,,,,,,,,0.15,,,3.15,306.103,0.0,0.357,1.95,1.95,,273.419,,238.229,2.359,,49.84,,1.608,27.14,40.99,4.02,,,,,,,,2022-01-01 19:45:00,RO041_2022001194500.SAO,99
3.4,,3.168,10.771,2.15,,2.15,,,4.0,247.5,247.5,,,,,,,,,,0.15,,,3.05,318.006,0.0,0.357,2.15,2.15,,301.805,,247.452,2.354,,76.635,,2.464,42.188,59.69,5.55,,,,,,,,2022-01-01 20:00:00,RO041_2022001200000.SAO,137
3.35,,3.256,10.908,1.75,,1.75,,,4.15,247.5,247.5,,,,,,,,,,0.1,,,3.2,337.5,0.0,0.357,1.75,1.75,,283.218,,243.918,2.351,,55.705,,1.725,29.88,47.79,3.61,,,,,,,,2022-01-01 20:15:00,RO041_2022001201500.SAO,107
3.65,,3.236,11.811,2.15,,2.15,,,4.35,260.0,260.0,,,,,,,,,,0.1,,,3.45,335.0,0.0,0.357,2.15,2.15,,289.0,,252.807,2.348,,51.245,,1.906,27.906,41.94,4.12,,,,,,,,2022-01-01 20:30:00,RO041_2022001203000.SAO,102
3.6,,3.395,12.221,1.6,,1.6,,,4.35,230.0,230.0,,,,,,,,,,0.15,,,3.35,299.918,0.0,0.357,1.6,1.6,,264.716,,228.049,2.343,,51.873,,1.856,28.055,42.82,4.05,,,,,,,,2022-01-01 20:45:00,RO041_2022001204500.SAO,100
3.5,,3.299,11.546,1.6,,1.6,,,4.25,225.0,225.0,,,,,,,,,,0.15,,,3.15,297.5,,0.357,1.6,1.6,,273.021,,223.628,2.339,,69.609,,2.337,37.791,55.73,5.11,,,,,,,,2022-01-01 21:00:00,RO041_2022001210000.SAO,122
3.3,,3.121,10.299,2.0,,2.0,,,4.05,240.0,240.0,,,,,,,,,,0.15,,,2.85,305.582,,0.357,2.0,2.0,,291.981,,241.703,2.334,,70.837,,2.125,38.496,57.16,4.33,,,,,,,,2022-01-01 21:15:00,RO041_2022001211500.SAO,126
3.35,,3.21,10.753,1.9,,1.9,,,4.45,265.0,265.0,,,,,,,,,,0.55,,,3.1,327.5,0.0,0.357,1.9,1.9,,315.191,,257.342,2.33,,81.506,,2.536,44.818,64.58,5.5,,,,,,,,2022-01-01 21:30:00,RO041_2022001213000.SAO,145
3.65,,3.035,11.079,2.15,,2.15,,,4.3,265.0,265.0,,,,,,,,,,0.35,,,3.25,338.194,0.0,0.357,2.2,2.2,,324.305,,264.5,2.329,,84.216,,3.113,46.29,65.49,5.56,,,,,,,,2022-01-01 21:45:00,RO041_2022001214500.SAO,152
3.65,,3.096,11.3,1.55,,1.55,,,4.3,247.5,247.5,,,,,,,,,,0.1,,,3.4,352.5,0.0,0.357,1.55,1.55,,300.341,,250.472,2.335,,70.577,,2.566,37.676,59.56,3.83,,,,,,,,2022-01-01 22:00:00,RO041_2022001220000.SAO,129
