foF2,foF1,M3000F2,MUF3000F2,fmin,foEs,fminF,fminE,foE,fxI,hF,hF2,hE,hEs,zmE,yE,QF,QE,DownF,DownE,DownEs,FF,FE,D,fMUF,h_fMUF,delta_foF2,foEp,f_hF,f_hF2,foF1p,hmF2,hmF1,zhalfNm,foF2p,fminEs,yF2,yF1,TEC,scaleF2,B0,B1,D1,datetime,file,n_profile
8.2,,2.676,21.941,2.5,,2.5,,,8.6,223.0,,,,110.0,20.0,,,0.0,,,,,3000.0,8.2,505.0,0.0,0.647,3.1,,,369.9,,290.955,7.446,,114.377,,19.632,54.615,136.0,1.16,0.0,2022-01-01 00:00:00,JI91J_2022001000000.SAO,95
8.8,,2.45,21.558,2.1,,2.1,,,9.2,278.0,,,,110.0,20.0,,,0.0,,,,,3000.0,8.7,570.0,0.0,0.472,2.1,,,421.9,,327.896,7.26,,137.326,,27.662,67.687,143.0,1.59,0.0,2022-01-01 00:15:00,JI91J_2022001001500.SAO,95
8.4,,2.431,20.418,2.9,,2.9,,,8.8,315.0,,,,110.0,20.0,,,0.0,,,,,3000.0,8.1,555.0,0.0,0.359,2.9,,,445.2,,353.604,7.063,,134.098,,24.953,67.145,137.3,1.74,0.0,2022-01-01 00:30:00,JI91J_2022001003000.SAO,95
7.9,,2.423,19.144,2.5,,2.5,,,8.3,326.0,,,,110.0,20.0,,,0.0,,,,,3000.0,7.9,590.0,0.0,0.354,2.7,,,456.0,,366.497,6.861,,131.283,,21.668,65.648,135.8,1.69,0.0,2022-01-01 00:45:00,JI91J_2022001004500.SAO,95
7.2,,2.444,17.594,2.9,,2.9,,,7.6,337.0,,,,110.0,20.0,,,0.0,,,,,3000.0,7.1,570.0,0.0,0.354,3.2,,,447.4,,366.484,6.659,,119.135,,16.313,59.03,128.1,1.51,0.0,2022-01-01 01:00:00,JI91J_2022001010000.SAO,95
6.9,,2.251,15.529,2.8,,2.8,,,7.3,377.0,,,,110.0,20.0,,,0.0,,,,,3000.0,6.9,660.0,0.0,0.354,3.3,,,486.9,,386.068,6.462,,146.889,,18.557,74.011,149.3,1.79,0.0,2022-01-01 01:15:00,JI91J_2022001011500.SAO,95
5.7,,2.847,16.228,2.2,,2.2,,,6.5,377.0,,,,110.0,20.0,,,0.0,,,0.4,,3000.0,5.3,405.0,0.0,0.354,2.9,,,402.1,,357.742,6.274,,65.156,,6.203,35.672,63.6,2.3,0.0,2022-01-01 01:30:00,JI91J_2022001013000.SAO,80
4.5,,2.611,11.751,2.9,,2.9,,,5.0,399.0,,,,110.0,20.0,,,0.0,,,0.1,,3000.0,4.5,525.0,0.0,0.354,3.1,,,411.0,,346.825,6.098,,93.575,,5.205,48.014,98.1,1.71,0.0,2022-01-01 01:45:00,JI91J_2022001014500.SAO,92
7.2,,2.437,17.545,3.7,,3.7,,,7.6,458.0,,,,110.0,20.0,,,0.0,,,,,3000.0,7.2,585.0,0.0,0.354,3.9,,,483.1,,423.2,5.937,,91.577,,12.783,44.048,107.7,1.08,0.0,2022-01-01 02:00:00,JI91J_2022001020000.SAO,95
5.6,,2.518,14.101,2.6,,2.6,,,6.0,421.0,,,,110.0,20.0,5.0,,0.0,,,,,3000.0,5.4,525.0,0.0,0.354,3.1,,,462.5,,409.989,5.789,,79.059,,6.96,39.927,89.5,1.28,0.0,2022-01-01 02:15:00,JI91J_2022001021500.SAO,91
4.4,,2.611,11.49,3.0,,3.0,,,4.9,473.0,,,,110.0,20.0,,,0.0,,,0.1,,3000.0,4.4,525.0,0.0,0.354,3.7,,,430.1,,386.533,5.654,,66.605,,3.575,31.723,84.9,1.0,0.0,2022-01-01 02:30:00,JI91J_2022001023000.SAO,75
4.5,,2.643,11.894,2.5,,2.5,,,4.9,448.0,,,,110.0,20.0,10.0,,0.0,,,,,3000.0,4.5,515.0,0.0,0.354,2.8,,,431.4,,386.37,5.527,,68.121,,3.959,34.604,81.2,1.13,0.0,2022-01-01 02:45:00,JI91J_2022001024500.SAO,79
,,,,,,,,,,,,,,0.0,,,,,,,,,3000.0,,,,0.354,,,,,,,,,,,,,,,,2022-01-01 03:15:00,JI91J_2022001031500.SAO,0
,,,,,,,,,,,,,,0.0,,,,,,,,,3000.0,,,,0.354,,,,,,,,,,,,,,,,2022-01-01 03:30:00,JI91J_2022001033000.SAO,0
,,,,,,,,,,,,,,0.0,,,,,,,,,3000.0,,,,0.354,,,,,,,,,,,,,,,,2022-01-01 03:45:00,JI91J_2022001034500.SAO,0
,,,,,,,,,,,,,,0.0,,,,,,,,,3000.0,,,,0.354,,,,,,,,,,,,,,,,2022-01-01 04:00:00,JI91J_2022001040000.SAO,0
,,,,,,,,,,,,,,0.0,,,,,,,,,3000.0,,,,0.354,,,,,,,,,,,,,,,,2022-01-01 04:15:00,JI91J_2022001041500.SAO,0
,,,,,,,,,,,,,,0.0,,,,,,,,,3000.0,,,,0.354,,,,,,,,,,,,,,,,2022-01-01 04:30:00,JI91J_2022001043000.SAO,0
,,,,,,,,,,,,,,0.0,,,,,,,,,3000.0,,,,0.354,,,,,,,,,,,,,,,,2022-01-01 04:45:00,JI91J_2022001044500.SAO,0
,,,,,,,,,,,,,,0.0,,,,,,,,,3000.0,,,,0.354,,,,,,,,,,,,,,,,2022-01-01 05:00:00,JI91J_2022001050000.SAO,0
,,,,,,,,,,,,,,0.0,,,,,,,,,3000.0,,,,0.354,,,,,,,,,,,,,,,,2022-01-01 05:15:00,JI91J_2022001051500.SAO,0
,,,,,,,,,,,,,,0.0,,,,,,,,,3000.0,,,,0.354,,,,,,,,,,,,,,,,2022-01-01 05:30:00,JI91J_2022001053000.SAO,0
,,,,,,,,,,,,,,0.0,,,,,,,,,3000.0,,,,0.354,,,,,,,,,,,,,,,,2022-01-01 05:45:00,JI91J_2022001054500.SAO,0
,,,,,,,,,,,,,,0.0,,,,,,,,,3000.0,,,,0.354,,,,,,,,,,,,,,,,2022-01-01 06:00:00,JI91J_2022001060000.SAO,0
,,,,,,,,,,,,,,0.0,,,,,,,,,3000.0,,,,0.354,,,,,,,,,,,,,,,,2022-01-01 06:15:00,JI91J_2022001061500.SAO,0
,,,,,,,,,,,,,,0.0,,,,,,,,,3000.0,,,,0.354,,,,,,,,,,,,,,,,2022-01-01 06:30:00,JI91J_2022001063000.SAO,0
,,,,,,,,,,,,,,0.0,,,,,,,,,3000.0,,,,0.354,,,,,,,,,,,,,,,,2022-01-01 06:45:00,JI91J_2022001064500.SAO,0
,,,,,,,,,,,,,,0.0,,,,,,,,,3000.0,,,,0.354,,,,,,,,,,,,,,,,2022-01-01 07:00:00,JI91J_2022001070000.SAO,0
,,,,,,,,,,,,,,0.0,,,,,,,,,3000.0,,,,0.354,,,,,,,,,,,,,,,,2022-01-01 07:15:00,JI91J_2022001071500.SAO,0
,,,,,,,,,,,,,,0.0,,,,,,,,,3000.0,,,,0.354,,,,,,,,,,,,,,,,2022-01-01 07:30:00,JI91J_2022001073000.SAO,0
,,,,,,,,,,,,,,0.0,,,,,,,,,3000.0,,,,0.354,,,,,,,,,,,,,,,,2022-01-01 07:45:00,JI91J_2022001074500.SAO,0
,,,,,,,,,,,,,,0.0,,,,,,,,,3000.0,,,,0.354,,,,,,,,,,,,,,,,2022-01-01 08:00:00,JI91J_2022001080000.SAO,0
,,,,,,,,,,,,,,0.0,,,,,,,,,3000.0,,,,0.354,,,,,,,,,,,,,,,,2022-01-01 08:15:00,JI91J_2022001081500.SAO,0
,,,,,,,,,,,,,,0.0,,,,,,,,,3000.0,,,,0.354,,,,,,,,,,,,,,,,2022-01-01 08:30:00,JI91J_2022001083000.SAO,0
,,,,,,,,,,,,,,0.0,,,,,,,,,3000.0,,,,0.354,,,,,,,,,,,,,,,,2022-01-01 08:45:00,JI91J_2022001084500.SAO,0
,,,,,,,,,,,,,,0.0,,,,,,,,,3000.0,,,,0.354,,,,,,,,,,,,,,,,2022-01-01 09:00:00,JI91J_2022001090000.SAO,0
,,,,,,,,,,,,,,0.0,,,,,,,,,3000.0,,,,0.354,,,,,,,,,,,,,,,,2022-01-01 09:15:00,JI91J_2022001091500.SAO,0
,,,,,,,,,,,,,,0.0,,,,,,,,,3000.0,,,,0.354,,,,,,,,,,,,,,,,2022-01-01 09:30:00,JI91J_2022001093000.SAO,0
,,,,,,,,,,,,,,0.0,,,,,,,,,3000.0,,,,0.354,,,,,,,,,,,,,,,,2022-01-01 09:45:00,JI91J_2022001094500.SAO,0
,,,,,,,,,,,,,,0.0,,,,,,,,,3000.0,,,,0.414,,,,,,,,,,,,,,,,2022-01-01 10:00:00,JI91J_2022001100000.SAO,0
,,,,,,,,,,,,,,0.0,,,,,,,,,3000.0,,,,0.56,,,,,,,,,,,,,,,,2022-01-01 10:15:00,JI91J_2022001101500.SAO,0
,,,,,,,,,,,,,,0.0,,,,,,,,,3000.0,,,,0.773,,,,,,,,,,,,,,,,2022-01-01 10:30:00,JI91J_2022001103000.SAO,0
,,,,,,,,,,,,,,0.0,,,,,,,,,3000.0,,,,1.047,,,,,,,,,,,,,,,,2022-01-01 10:45:00,JI91J_2022001104500.SAO,0
4.6,,3.268,15.031,2.5,,2.5,,,5.0,226.0,,,,110.0,20.0,,,0.0,,,,,3000.0,3.8,260.0,0.0,1.346,2.9,,,267.8,,199.718,4.071,,94.606,,5.751,51.125,97.9,2.15,0.0,2022-01-01 11:00:00,JI91J_2022001110000.SAO,82
4.5,,3.726,16.765,2.7,,2.7,,,4.9,235.0,,,,110.0,20.0,,,0.0,,,,,3000.0,4.1,245.0,0.0,1.624,2.7,,,230.5,,191.025,4.511,,53.729,,3.64,31.848,65.1,1.58,0.0,2022-01-01 11:15:00,JI91J_2022001111500.SAO,56
5.9,,3.31,19.529,2.5,,2.5,,,6.4,228.0,,,,110.0,20.0,,,0.0,,,0.1,,3000.0,5.9,355.0,0.0,1.859,2.5,,,255.0,,205.18,4.946,,64.827,,7.062,36.237,80.3,1.4,0.0,2022-01-01 11:30:00,JI91J_2022001113000.SAO,67
6.725,,3.215,21.54,2.5,,2.5,,,7.1,197.0,,,,110.0,20.0,,,0.0,,,,,3000.0,6.4,345.0,0.025,2.055,3.0,,,276.4,,202.12,5.358,,102.957,,13.664,57.093,103.3,2.38,0.0,2022-01-01 11:45:00,JI91J_2022001114500.SAO,96
6.95,,3.373,23.271,2.6,,2.6,,,7.3,218.0,,,,110.0,20.0,,,0.0,,,,,3000.0,6.5,310.0,0.05,2.22,2.9,,,271.8,,209.817,5.736,,83.359,,12.513,47.582,88.4,2.0,0.0,2022-01-01 12:00:00,JI91J_2022001120000.SAO,85
,,,,2.3,2.6,,2.3,2.62,,,,110.0,110.0,98.8,12.495,,,,15.0,15.0,,0.2,3000.0,,,,2.362,,,,,,,,,,,,,,,,2022-01-01 12:15:00,JI91J_2022001121500.SAO,0
8.0,,2.948,23.583,3.9,,3.9,,,8.4,220.0,,,,110.0,20.0,,,0.0,,,,,3000.0,7.3,370.0,0.0,2.486,3.9,,,292.7,,209.378,6.351,,108.214,,20.374,58.97,120.1,1.57,0.0,2022-01-01 12:30:00,JI91J_2022001123000.SAO,96
7.8,,3.065,23.905,4.3,,4.3,,,8.2,260.0,,,,110.0,20.0,,,0.0,,,,,3000.0,6.8,320.0,0.0,2.596,4.3,,,289.6,,212.683,6.578,,102.446,,19.043,57.966,110.2,1.87,0.0,2022-01-01 12:45:00,JI91J_2022001124500.SAO,96
7.9,,3.013,23.8,3.8,,3.8,,,8.3,228.0,,,,110.0,20.0,,,0.0,,,,,3000.0,7.6,390.0,0.0,2.695,3.8,,,290.2,,221.851,6.752,,86.692,,17.681,51.179,97.2,1.62,0.0,2022-01-01 13:00:00,JI91J_2022001130000.SAO,94
8.4,,2.886,24.242,5.4,,5.4,,,8.8,302.0,,,,110.0,20.0,,,0.0,,,,,3000.0,7.8,395.0,0.0,2.784,6.3,,,302.2,,222.504,6.876,,101.269,,22.437,58.028,111.5,1.58,0.0,2022-01-01 13:15:00,JI91J_2022001131500.SAO,96
8.5,,2.896,24.62,4.6,,4.6,,,8.9,305.0,,,,110.0,20.0,,,0.0,,,,,3000.0,8.1,410.0,0.0,2.864,4.6,,,313.0,,237.363,6.957,,99.05,,23.386,58.948,103.2,1.93,0.0,2022-01-01 13:30:00,JI91J_2022001133000.SAO,96
8.3,,2.903,24.094,4.7,,4.7,,,8.7,305.0,,,,110.0,20.0,,,0.0,,,,,3000.0,8.1,425.0,0.0,2.936,4.7,,4.161,300.1,,227.854,7.003,,88.334,,20.168,52.416,109.6,1.31,0.0,2022-01-01 13:45:00,JI91J_2022001134500.SAO,96
8.9,,2.696,23.993,5.5,,5.5,,,9.3,325.0,,,,110.0,20.0,,,0.0,,,,,3000.0,8.8,490.0,0.0,3.002,5.5,,4.189,331.3,,234.327,7.024,,122.023,,29.979,69.423,130.2,1.58,0.0,2022-01-01 14:00:00,JI91J_2022001140000.SAO,96
8.2,,2.762,22.645,5.6,,5.6,,,8.6,339.0,,,,110.0,20.0,,,0.0,,,,,3000.0,8.2,480.0,0.0,3.061,5.6,,4.214,312.5,,218.732,7.028,,112.326,,24.101,65.421,130.9,1.38,0.0,2022-01-01 14:15:00,JI91J_2022001141500.SAO,96
,,,,,,,,,,,,,,0.0,,,,,,,,,3000.0,,,,3.115,,,4.236,,,,,,,,,,,,,2022-01-01 14:30:00,JI91J_2022001143000.SAO,0
7.9,,2.762,21.816,6.8,,6.8,,,8.4,410.0,,,,110.0,20.0,,,0.0,,,0.1,,3000.0,7.9,480.0,0.0,3.162,6.8,,4.256,298.9,,196.72,7.013,,118.505,,22.97,67.855,151.7,1.22,0.0,2022-01-01 14:45:00,JI91J_2022001144500.SAO,96
7.9,,2.745,21.689,5.8,,5.8,,,8.4,374.0,,,,110.0,20.0,,,0.0,,,0.1,,3000.0,7.6,455.0,0.0,3.205,5.8,,4.273,308.5,,210.331,7.004,,112.691,,23.204,68.072,127.0,1.46,0.0,2022-01-01 15:00:00,JI91J_2022001150000.SAO,96
8.3,,2.664,22.112,5.5,,5.5,,,8.7,363.0,,,,110.0,20.0,,,0.0,,,,,3000.0,7.8,460.0,0.0,3.242,5.7,,4.288,324.6,,225.448,7.0,,118.86,,26.846,71.42,127.6,1.62,0.0,2022-01-01 15:15:00,JI91J_2022001151500.SAO,96
8.5,,2.684,22.81,5.9,,5.9,,,8.9,360.0,,,,110.0,20.0,,,0.0,,,,,3000.0,8.1,465.0,0.0,3.274,5.9,,4.301,328.2,,221.506,7.0,,130.716,,29.969,76.805,136.4,1.72,0.0,2022-01-01 15:30:00,JI91J_2022001153000.SAO,96
8.4,,2.822,23.708,6.1,,6.1,,,8.8,357.0,,,,110.0,20.0,,,0.0,,,,,3000.0,7.8,410.0,0.0,3.302,6.1,,4.312,310.4,,209.796,7.006,,121.064,,27.224,71.371,129.4,1.64,0.0,2022-01-01 15:45:00,JI91J_2022001154500.SAO,96
7.8,,2.957,23.068,6.2,,6.2,,,8.3,370.0,,,,110.0,20.0,,,0.0,,,0.1,,3000.0,7.7,420.0,0.0,3.325,6.2,,4.321,279.2,,192.546,7.016,,93.566,,19.352,57.825,130.0,1.13,0.0,2022-01-01 16:00:00,JI91J_2022001160000.SAO,96
8.0,,2.917,23.333,5.8,,5.8,,,8.4,362.0,,,,110.0,20.0,,,0.0,,,,,3000.0,7.9,430.0,0.0,3.344,5.8,,4.328,288.9,,201.915,7.03,,94.522,,20.911,59.214,122.7,1.21,0.0,2022-01-01 16:15:00,JI91J_2022001161500.SAO,96
8.7,,2.697,23.464,6.8,,6.8,,,9.1,380.0,,,,110.0,20.0,,,0.0,,,,,3000.0,8.0,435.0,0.0,3.358,6.8,,4.334,326.2,,208.382,7.049,,149.271,,34.191,85.133,154.9,1.85,0.0,2022-01-01 16:30:00,JI91J_2022001163000.SAO,96
7.7,,3.039,23.404,5.7,,5.7,,,8.2,357.0,,,,110.0,20.0,,,0.0,,,0.1,,3000.0,7.7,410.0,0.0,3.368,5.7,,4.337,273.0,,190.447,7.073,,85.503,,18.049,55.056,124.7,1.08,0.0,2022-01-01 16:45:00,JI91J_2022001164500.SAO,96
8.4,,2.878,24.176,6.4,,6.4,,,8.8,367.0,,,,110.0,20.0,,,0.0,,,,,3000.0,8.3,440.0,0.0,3.373,6.4,,4.339,291.0,,199.494,7.102,,102.282,,23.758,61.441,130.1,1.21,0.0,2022-01-01 17:00:00,JI91J_2022001170000.SAO,96
8.6,,2.873,24.709,6.1,,6.1,,,9.0,360.0,,,,110.0,20.0,,,0.0,,,,,3000.0,8.6,450.0,0.0,3.374,6.1,,4.34,295.7,,208.262,7.14,,99.095,,24.552,60.279,120.9,1.28,0.0,2022-01-01 17:15:00,JI91J_2022001171500.SAO,96
8.0,,3.017,24.14,6.3,,6.3,,,8.5,375.0,,,,110.0,20.0,,,0.0,,,0.1,,3000.0,8.0,415.0,0.0,3.37,6.5,,4.338,276.8,,195.658,7.186,,84.266,,19.038,53.442,128.6,1.0,0.0,2022-01-01 17:30:00,JI91J_2022001173000.SAO,96
8.7,,2.873,24.997,6.0,,6.0,,,9.1,361.0,,,,110.0,20.0,,,0.0,,,,,3000.0,8.7,450.0,0.0,3.363,6.0,,4.335,299.2,,214.933,7.244,,94.934,,24.636,58.711,115.7,1.27,0.0,2022-01-01 17:45:00,JI91J_2022001174500.SAO,96
8.9,,2.874,25.581,5.2,,5.2,,,9.3,357.0,,,,110.0,20.0,,,0.0,,,,,3000.0,8.6,425.0,0.0,3.351,5.2,,4.331,313.7,,243.639,7.314,,82.641,,23.953,53.461,98.9,1.4,0.0,2022-01-01 18:00:00,JI91J_2022001180000.SAO,96
9.2,,2.779,25.571,6.0,,6.0,,,9.6,357.5,,,,110.0,20.0,,,0.0,,,,,3000.0,8.9,450.0,0.0,3.334,6.2,,4.324,315.9,,229.267,7.397,,104.267,,29.374,62.962,111.5,1.57,0.0,2022-01-01 18:15:00,JI91J_2022001181500.SAO,96
8.0,,3.108,24.863,6.5,,6.5,,,8.5,361.0,,,,110.0,20.0,,,0.0,,,0.1,,3000.0,8.0,395.0,0.0,3.313,6.5,,4.316,264.9,,187.467,7.492,,81.812,,17.846,50.182,125.1,1.0,0.0,2022-01-01 18:30:00,JI91J_2022001183000.SAO,90
8.9,,2.913,25.923,6.2,,6.2,,,9.3,350.0,,,,110.0,20.0,,,0.0,,,,,3000.0,8.9,440.0,0.0,3.288,6.2,,4.306,294.9,,214.552,7.596,,92.857,,24.648,56.09,114.9,1.24,0.0,2022-01-01 18:45:00,JI91J_2022001184500.SAO,96
9.5,,2.741,26.035,6.3,,6.3,,,9.9,360.0,,,,110.0,20.0,,,0.0,,,,,3000.0,9.0,445.0,0.0,3.257,6.3,,4.294,319.3,,230.086,7.708,,109.939,,31.948,64.524,115.0,1.6,0.0,2022-01-01 19:00:00,JI91J_2022001190000.SAO,96
9.6,,2.765,26.541,6.1,,6.1,,,10.0,360.0,,,,110.0,20.0,,,0.0,,,,,3000.0,9.3,455.0,0.0,3.222,6.1,,4.28,327.3,,239.857,7.822,,110.153,,32.947,65.121,112.6,1.74,0.0,2022-01-01 19:15:00,JI91J_2022001191500.SAO,96
9.2,,2.893,26.614,5.1,,5.1,,,9.6,360.0,,,,110.0,20.0,,,0.0,,,,,3000.0,9.2,445.0,0.0,3.182,5.1,,4.264,317.6,,252.388,7.935,,78.378,,24.103,49.833,98.5,1.26,0.0,2022-01-01 19:30:00,JI91J_2022001193000.SAO,96
9.95,4.848,2.702,26.753,4.3,,4.3,,,10.3,230.0,353.0,,,110.0,20.0,,,7.0,,,,,3000.0,9.5,465.0,0.05,3.137,4.3,5.4,4.245,342.6,210.7,269.405,8.041,,86.845,84.792,30.862,55.81,127.8,1.2,0.7,2022-01-01 19:45:00,JI91J_2022001194500.SAO,97
,,,,,,,,,,,,,,0.0,,,,,,,,,3000.0,,,,3.086,,,4.224,,,,,,,,,,,,,2022-01-01 20:00:00,JI91J_2022001200000.SAO,0
9.5,,2.873,27.295,5.1,,5.1,,,10.1,343.0,,,,110.0,20.0,,,0.0,,,0.2,,3000.0,9.5,450.0,0.0,3.03,5.1,,4.201,319.2,,253.049,8.222,,81.133,,25.341,49.231,104.3,1.17,0.0,2022-01-01 20:15:00,JI91J_2022001201500.SAO,96
10.3,,2.707,27.879,5.1,,5.1,,,10.7,338.0,,,,110.0,20.0,,,0.0,,,,,3000.0,9.9,465.0,0.0,2.967,5.1,,4.174,343.6,,264.883,8.29,,104.249,,35.376,60.289,107.3,1.78,0.0,2022-01-01 20:30:00,JI91J_2022001203000.SAO,96
10.4,,2.735,28.444,4.5,,4.5,,,10.8,325.0,,,,110.0,20.0,,,0.0,,,,,3000.0,9.9,450.0,0.0,2.898,4.5,,,338.1,,267.138,8.34,,92.92,,32.005,52.795,104.8,1.46,0.0,2022-01-01 20:45:00,JI91J_2022001204500.SAO,96
,,,,2.7,3.1,,2.7,3.12,,,,100.0,100.0,97.0,6.935,,,,0.0,0.0,,2.7,3000.0,,,,2.821,,,,,,,,,,,,,,,,2022-01-01 21:00:00,JI91J_2022001210000.SAO,0
,,,,2.5,2.9,,2.5,2.92,,,,100.0,100.0,97.2,7.049,,,,0.0,0.0,,0.1,3000.0,,,,2.736,,,,,,,,,,,,,,,,2022-01-01 21:15:00,JI91J_2022001211500.SAO,0
10.8,,2.764,29.85,6.8,,6.8,,,11.2,350.0,,,,110.0,20.0,,,0.0,,,,,3000.0,10.6,465.0,0.0,2.642,6.8,,,330.4,,251.17,8.386,,105.591,,37.031,57.62,111.0,1.51,0.0,2022-01-01 21:30:00,JI91J_2022001213000.SAO,96
10.7,,2.835,30.333,6.1,,6.1,,,11.2,340.0,,,,110.0,20.0,,,0.0,,,0.1,,3000.0,10.7,460.0,0.0,2.537,6.1,,,325.8,,259.445,8.367,,88.316,,31.422,48.756,105.2,1.22,0.0,2022-01-01 21:45:00,JI91J_2022001214500.SAO,96
9.2,,3.029,27.863,2.3,2.6,3.7,2.3,2.62,9.6,255.0,,90.0,90.0,86.8,10.355,,,0.0,15.0,15.0,,0.1,3000.0,9.1,405.0,0.0,2.42,3.7,,,299.0,,243.412,8.333,2.3,70.397,,19.973,40.78,93.8,1.09,0.0,2022-01-01 22:00:00,JI91J_2022001220000.SAO,85
8.4,,3.094,25.992,3.6,,3.6,,,8.8,250.0,,,,110.0,20.0,,,0.0,,,,,3000.0,8.3,390.0,0.0,2.286,3.6,,,297.5,,243.716,8.283,,68.359,,15.651,38.582,97.4,1.0,0.0,2022-01-01 22:15:00,JI91J_2022001221500.SAO,79
10.4,,2.7,28.083,3.5,,3.5,,,10.8,258.0,,,,110.0,20.0,,,0.0,,,,,3000.0,10.3,490.0,0.0,2.133,3.5,,,352.0,,275.019,8.216,,105.147,,33.133,55.618,113.0,1.47,0.0,2022-01-01 22:30:00,JI91J_2022001223000.SAO,96
10.1,,2.76,27.879,3.8,,3.8,,,10.6,263.0,,,,110.0,20.0,,,0.0,,,0.1,,3000.0,9.9,465.0,0.0,1.952,3.8,,,351.7,,285.188,8.133,,91.34,,27.697,48.262,110.7,1.16,0.0,2022-01-01 22:45:00,JI91J_2022001224500.SAO,96
10.5,,2.745,28.824,2.9,,2.9,,,10.9,244.0,,,,110.0,20.0,,,0.0,,,,,3000.0,10.1,455.0,0.0,1.736,2.9,,,367.6,,297.917,8.032,,98.508,,31.678,52.028,104.5,1.54,0.0,2022-01-01 23:00:00,JI91J_2022001230000.SAO,96
9.5,,2.891,27.468,2.1,,2.1,,,9.9,243.0,,,,110.0,20.0,,,0.0,,,,,3000.0,9.3,430.0,0.0,1.476,2.1,,,337.9,,283.082,7.913,,76.663,,19.618,38.53,100.3,1.0,0.0,2022-01-01 23:15:00,JI91J_2022001231500.SAO,84
9.5,,2.726,25.901,2.1,,2.1,,,10.0,243.0,,,,110.0,20.0,,,0.0,,,0.1,,3000.0,9.5,490.0,0.0,1.182,2.4,,,356.9,,285.084,7.775,,101.665,,24.222,48.719,129.3,1.0,0.0,2022-01-01 23:30:00,JI91J_2022001233000.SAO,95
9.5,,2.681,25.468,2.1,,2.1,,,9.9,259.0,,,,110.0,20.0,,,0.0,,,,,3000.0,9.4,495.0,0.0,0.89,2.1,,,375.9,,310.508,7.619,,95.179,,22.931,46.427,114.4,1.13,0.0,2022-01-01 23:45:00,JI91J_2022001234500.SAO,95
